식당이름,카테고리,연락처,구,상세주소,해시태그,별점,별점수,리뷰내용
온고을,한식,02-975-8200,노원구,동일로 1065 (우)01857,#친목모임#카카오페이#제로페이,3.3,7,"전 괜찮았어요@@양 적음 서비스 그적저럭 다시 갈 것 같진 않아요@@닭갈비 1인분 11000 치즈사리 3000 치즈떡사리 2000 콩나물국밥 7000 비빔막국수 6500  일단 주차 가능하고, 매장 넓구요. 친절하셨어요. 사리를 굉장히 많이 주시고, (치즈떡과 치즈 모두) 다 볶아주셔서 좋았어요. 콩나물국밥도 맛있었고 막국수도 괜찮았어요(맵찔이에게는 먹다보니 살짝 맵긴 했음) 무난한 닭갈비맛이라 만족했습니다. 고기가 큼직큼...@@별 한개도 아까움@@닭고기가 너무 적네요. ㅡㅡ;;@@닭갈비 ㄱㅊ 막국수는 흠..@@짱마시써요!!! 닭갈비에 소주먹었는데 꿀떡꿀떡 대존맛탱@@"
라라브레드 공릉점,디저트카페,1800-2790,노원구,공릉로41길 32 (우)01835,#브런치카페#제로페이,3.7,73,"빵은 괜찮지만 브런치는 별로였어요.. 다 식어서 마른 느낌이에요 ㅠ@@오랜만에 브런치를 즐기고싶어서 라라브레드 방문했는데 식사부터 시작해서 디저트 빵까지 다 너무 맛있어요 전에는 빵먹고싶을때 프랜차이즈 빵집에서 빵사먹었었는데 배달도 된다하니 이제 배달시켜서 라라브레드 빵 먹으려구요 !!@@고구마빵 최애 맛있는 베이커리집@@빵들은 다 맛있더라구요. 조리음식들은 간이 세고  금액에 비해서는 맛이 떨어집니다  꼬마빌딩을 높게 지은 매장이라 협소합니다  @@빵 다 맛있고, 분위기도 괜찮아요!  근데 건물에 비해서 공간이 엄청 넓지는 않아요!  자리가 많지는 않으니까 주말에 가면 오픈어택을 노리는 게 좋을듯! @@경치맛집@@….미접종자는 가지 마세요. 싫어하심 ㅠㅠ@@역시 브런치 맛집~!! 신메뉴도 훌륭하네요~ 깻잎불고기파스타와 하멜치즈몽 리조또 강추요^^@@외부 내부 인테리어도 너무 예뻤고, 이번에 받아온 크리스마스 케이크도 너무너무 예뻤어요♥️ 포장도 엄청 고급지게 해주시더라구요 :) 케이크는 달지 않고 생딸기가 톡톡 터져서 누구나 좋아할 법 한 맛이었어요! 다음에 재방문해야겠어요 ㅎㅎㅎ@@갈 때마나 늘 만족스럽게 먹고오는 곳이에요!!! 브런치도, 빵도 다 맛있고 직원분들도 친절하셔서 너무 좋았어요. 신메뉴도 자주 나와서 다양하게 맛볼 수 있어서 좋구요!!! 모임 장소로도 정말 괜찮을 것 같더라구요@@디저트 종류가 다양하고 맛있어요@@@@직원분들도 친절하고 매장도 깔끔해서 좋네요~!  브런치 먹으러 갔는데 부모님도 맛있다고 하셨어요 ㅎㅎ  잘먹고갑니다 ㅎㅎ 담엔 빵도 먹어볼게요~^^@@유명한 맛집답네요@@정신없고 테이블 관리 안됨 브런치카페인데 사람들이 테이블 직접 닦고 쓸고 해야함 걍 포장해서 먹는게 나음@@기대보다 괜찮은 곳. 다만 테이블이 지저분해서 그게 좀 별롭니다.@@@@브런치 맛있었어요 종종 가게될듯@@@@브런치 같은 메뉴들도 맛있고 자리 잘 잡으면 뷰가 좋음  사람이 많음 ㅜㅜ@@맛있어요^^~~~~추천!@@맛 그냥그냥 가격 투머치 장소는 괜춘 @@포인트 업체 바뀌었다고 기존에 모았던 포인트 다 날려버림. 그러면 문자라도 줘야 하는거 아닌가? 어이없음 ㅡㅡ@@@@@@베이컨쉬림프피자랑 메생이리조또 먹었는데 맛있어요 :) 4층까지 있어서 좌석도 많고 좋았습니다! @@커피랑 빵 맛있어요@@댕댕이산책 시키면서 커피 한잔하러 자주 들려요~    커피맛집이라 그냥 지나칠 수 없겠더라구용 ㅎㅎ       저번에 먹은 브런치도 너무 맛있어서 이번주에 브런치 수혈하러 갈 예정❣@@비주얼은 좋아요. 다만 3-4층 관리가 시급해보이네요;@@거리두기도 안하고 테이블 위생 최악 알아서 치우고 닦아야하는데 사람들 그냥 가바림. 코로나에 바글바글 소독도안하네요@@동기들이랑 시험끝나고 스트레스 풀러 왔는데 진짜 맛있어요!!!!!!연유버터프레첼. 추천!!!!!!!@@@@여자친구랑 철길 걷다가 들렸는데 진짜 이쁘고 맛있어요! 외관이 진짜 너무 이쁘고, 커피가 너무맛있어요 묵진한 커피 좋아하신분들 추천드려요@@빵맛집 브런치맛집 커피맛집@@인절미빵 한번은 정말 맛있었고, 또 사먹었는데  좀 질겼고 날파리가 같이 포장되었어요;; 무화과 파이?가 무화과에서 별 맛이 안났어요@@"
경복식당,한식,02-949-7331,노원구,공릉로39길 10 (우)01836,#제로페이,4.7,118,"맛있어요!!@@손님응대 뭣같이함@@전 가격 만족스러웠는데.. 서비스도 괜찮았어요 다만 좀 붐빌 때 가니깐 시끄럽더라구요 ㅠㅠ 그것 외엔 좋았습니다@@결과적으로 혼자가면 개비쌈. 둘이 가도 비싼편@@@@왜 후기가 집밥 그리울 때 먹으라고 하는건지 알겠어요! 너무너무 맛있구 서비스도 좋아서 다음에도 또 가고싶은 곳이에요 ㅎㅎ 제육볶음 양도 많고 냄새도 안나더라구요@@진짜 최고 집밥 먹고 싶을 때 가면 됨@@집밥 그리울때 방문하기 좋은 곳이에요 따수운 정이 느껴지는 곳이랄까요? ㅎㅎ@@@@배도 부르고 마음도 불렀던 곳@@맛도 좋은데  할머니사장님께서 손이 얼었다고 잡아보심 ㅜㅜㅜㅜ 감동 ㅠㅠㅠ  최고!!@@양도 푸짐하고 넘 맛있어요 ㅠㅠ 늘 감동입니다@@밑에 .이라고 찍힌사람 신고좀 한번씩 해주세요. 프로필들어가보면 최소1000건이상의 별점테러로 멀쩡한가게에 피해를 주고있는 것 같습니다. 진짜 소름 돋네요..@@너무 맛있고 푸짐하고 좋아요~~~^^@@동네 주민입니다. 6천원에 이정도에 정성들인 백반 서울시내에서 찾아보기 힘들겁니다. 저는 매일 먹고싶지만 갈때마다 많이 기다려서 먹어야하는것 때문에 자주 먹질 못 합니다. 식당에 불만 많은신분들은 절대 오지마세요, 그래야 제가 한번이라도 더 기다리지 않고 먹을수 있을것 같네요.^^@@이 가격에 별 하나 빼서 드리는게 죄송.@@댓글 쭈욱 보다 보니 뻔히 두명이서 일하시는거 아시죠??? 밥값이 6천원이라는것도요그런대 댓글 그렇게 달고 가는 당신들 인성 알만합니다  일단 6천원에 손가락만한 조기? 다른식당에서는  참치만한 조기 구워주나요???  뭘 바라고 간거냐 다른 백반집 가봐 8천원에 한마리가 아니라 반토박 난 고등어 신선도 알수도 없고 온통 뼈 밖에 없다 야 딱 6천원짜라 인성...@@20.02.22 골목식당 방송 나온거 보고 첫 방문했는데 역시나 사람이 엄청 많더라구요. 여기까지 온 김에 꼭 먹고 가야겠다는 집념으로 ㅋㅋ 2시간 정도 웨이팅 했던거 같습니다. 사장님 중간에 나오셔서 핫팩 나눠주시면 엄청 죄송한 표정이셨네요 ㅠㅠ 음식은 딱 깔끔 그 자체였습니다! 다시 한번 또 방문해야겠습니다~ 리모델링도 새롭게 하셨던데 코시국 잠잠해지면...@@무난해요 @@여기 별5개 안주는 녀석들은 과연 사람일까?감정이 다 마른 사이코가 아닐까 생각해봄..6천원짜리 백반에서 그것도 서울에서 반찬 종류랑 맛을 평가하네ㅋㅋ 뭐 누가보면 6만원 백반인줄 알겠다?맛 평가할거면 집가서 니가 해먹어.집밥 감성 느끼는 목적이지 완벽한 맛을 위한곳이 아니야.여기서 맛평가 할거면 집가서 니 손으로 니 입맛에 맞은 음식을 해드시길.@@집에서 할머니, 어머니께서 차려주시는 든든하고 푸짐한 한상을 먹은 느낌입니다. 어머님, 따님 두분 다 너무 친절하셨어요.  특히 사장 어머님께서 밥도 국도 푸짐하게 주시며 손님분들 다 살피시며 리필 요청전에 먼저 챙기시려는 인정이 정말 좋았습니다. 장사 끝물이라 저희때문에 밥도 새로 하셨고, 끝까지 편하게 식사 마칠 수 있게 배려해주셔서 정말 감사했습니다....@@@@집밥 먹고 싶을때 가는데 가성비에 정까지 얻어가죠. 사장님 건강하게 오래오래 하시길요~^^@@@@딱 6천원짜리  그 이상을 기대했던 내가 바보인건가? 반찬 깻잎 감자조림 멸치 청포묵 무생채 김치 버섯무침 조기 손가락만한거 두마리  콩나물무침 가짓수만 많고 특변한반찬이 없는 그냥 6천원 짜리백반집@@@@진짜 쵝오 에용ㅠㅠ 몇번 갔었는데,타지역 사람 이라 ,코로나 때문에  못 가고 있어요, 생각 나는데  가방 두고 찾으려  갔엇는데ㅠㅠ아쉽네요ㅠㅠ 코로나  풀리면 가고 싶은데  그게  언제  일지ㅜㅜ저희 기억 하실련지 모르겠습니다,ㅠㅠ다시  가기 전 까지  건강히 계세요ㅠㅠ@@백종원 마냥 음식이 맛있다 맛없다 논할꺼면 집에서 해처먹어라 불편러 어지간히 많네 @@맛있어요 @@기대 많이 하고 갔는데 솔직하게 맛이 없었어요... 밥이 많이 떡져서 불편했어요 ㅜㅜ@@맘 충 이 초1 대리고 와서 헛소리 싸질러 났다해서 들렸는데...잠수탔네...ㅋ 그냥 집에서 해줄 자신은 없고... 대한민국에 저런게 널렸다는 거에 소름이... @@최고@@@@윤x맘 리뷰 지웠네? 아들이 윤석렬 처럼 크길 바래요^~^ 화이팅! 화이팅!  아자아자@@그 욕한 남자.. 와이프가 애들이랑 밥먹으러왔다가 애기 공짜로 밥먹이려다가 쿠사리먹으니 남편한테 일러바친듯ㅋ 그래서 다짜고짜 시비걸고 욕한거아닌가? 진상들은 지들이 진상인지 모르더라ㅋㅋ 식당에 애고 어른이고 4명이가서는 2인분시키는거 자체가 진상이고, 소짜 시키는것도 진상임.. 어느 식당이건 인분수대로 주문은 기본매너지... ""아 난 배불렁~"" 그럼 처 들...@@"
감동식당,한식,070-7543-4481,노원구,한글비석로47길 58 1층 (우)01679,#제로페이,4.8,209,"너무 맛있어서 먹다가 찍었네요. 다들 너무 친절하세요!!@@진짜 맛있어요!!!! 양도 많고 좋습니다@@등갈비찜 굿 ㅠ_ㅠ@@매운맛에 약해서 순한맛으로  선택 맛이 그만입니다 계속 땅기는 맛 직원들도  매우 친절합니다@@소문듣고 처음왔는데 역시나 쫀맛탱,,,,또 올껍니다@@매번 믿고 먹는 맛집입니다 오늘도 너무 맛있었어요! 직원분들이 친절하셔서 대접받는 느낌이 듭니다 번창하세요!!@@맛있게 먹느라 사진도 못찍고 먹었네요ㅋㅋㅋㅋ 처음 왔는데 친절하시고 할인까지 받아 기분 좋숩니다. 동네니깐 자주올게요~~@@생각날 때마다 방문하는 곳입니다 맛있어요 ㅎㅎ@@다섯번째 방문인거같습니다. 항상 맛있습니다 번창하세요^^ 밑에 리뷰 조작하지말란분 있는데 가게 와보신건가 모르겠네요. 와서 드셔보시고 판단하시면 될거같습니다@@안녕하세요.감동식당입니다.^^  옐님 저희 매장은 외부 광고업체에 홍보를 맡기지 않는 대신 찾아주신 고객님들께 감사한 마음으로 더 돌려 드리기위해 맛있게드신 고객님들이  이벤트를 참여하시고 할인받으실 수 있도록 리뷰 할인 4,000원 이벤트를 진행하고 있습니다. 착오와 오해 없으셨으면 좋겠습니다. 관심가져 주셔서 감사드리며 좋은 하루 보내세요 감사합니다! ...@@리뷰작업 하지마세요 비슷한 날짜에 5개리뷰 쭈루룩.. 양심적으로 장사합시다@@맛있어요! 순한맛으로 먹었는데 적당히 매웠고(신라면보다 조금 더 매운듯 싶음) 친절히 챙겨주셔서 감사했습니당@@직원분들도 친절하시고, 갈비찜 맛있어요!@@너무너무 맛있었습니다 사장님 최고 !!!!! 이거먹고싶어서 혼났어욤….!!!!!!>_< 더 번창하세요!@@맛나요ㅜㅜ 등갈비랑 메밀전이랑 짱아찌랑 같이 싸먹고 시래기밥 한숟가락 먹으면 찰떡궁합!!@@항상 친절하시고 맛도 진짜 맛있어요 매콤한게 정말 중독입니다. 메밀전이랑 함께 싸먹으면 딱 좋아요 시래기밥도 고소하니 등갈비랑 딱입니다. 또 올게요!!@@맛있게 잘 먹고 갑니다!@@진짜 감동이에요!!@@진짜 맛있고 서비스도 많이줘요 중간중간 잘 챙겨주시고 맛있게 먹는 법도 알려주세요@@친절하고맛이최고에요^^@@진짜 깔끔하게 맵고 맛있어요 고기도 엄청 좋은거 쓰시네요 여기 이사온지 얼마 안됐는데 주기적으로 방문하겠습니다@@맛도 감동 서비스도 감동  찐감동식당입니다-! 음식도 맛있고 양도 푸짐하고 청결해요 손님들이 많아서 정신없는 와중에도  직원분들 모두 친절하셔서 기분좋게 먹고 갑니다^^ 재방문할게요ㅎㅎ@@예전부터 손님이 많아  방문하고 싶었는데 오늘도 손님이 많네요. 직원들은 참 친절해요 이제 본론으로 들어가면 갈비맛이 다양한 맵기가 있는데 우린 순한 맛으로 먹었어요 맵기는  신라면 정도고 맛은  신라면 100배는 되겠네요  저 여기 단골 될 것 같아요. 여러분도 꼭 와보세요~@@진짜 등갈비 고기가 너무 부드럽고 양념도 진짜 맛있었어요~ 시래기밥에 비벼먹어도 맛있고 메일전에 싸먹으면 식감도 쫄깃해서 맘에 들어요 ^^ 직원분들도 친절하시구요~ 만족입니다@@오랜만에와도 맛있어요! 이쪽 올때 먹기 좋아요- 메밀전 싸먹는게 젤 맛있다!!!@@밀떡에 싸먹는 등갈비 넘 맛있어요~~ 보통맛 인데도 메콤하네요 ㅠㅠ 그래도 계속 땡겨요 ㅋㅋ@@아 진짜 넘모 맛있다구요!! 거의 7번째 왔는데 실망 안시킨다구요!! 빨리와서 드시라구요!@@맛있어요 정말@@너무 맛있게 잘 먹었어요! 직원분들도 완죤 친절하시고 관심있게 챙겨주셔서 감사해요!! 너무 맛있게 먹다니 뒤늦게 사진 찍어서 안쁘지만 존맛탱탱구리에요!@@친절함을 베이스로 한 맛있는 음식이 이곳의 매력인것 같습니다 남양주에서 찾아오는 맛집입니다~^^@@너무너무 맛잇고 체고입니다 10 년넘게 먹고시픙 맛 이레염@@주말에 꼭 가는 감동식당~♡ 등갈비가 정말 맛있고 양이 많아 엄청 배부르게 먹어요. 친절하고 멋진 사장님과 직원분들 감사합니다~^^@@너무맛있게 잘먹었어요 감사합니다@@사장님도 엄청 친절하시고 완전 맛있어요 간만에 밥 한공기 더먹었네요 잘 먹고갑니다@@재방문입니다:) 전에 왔는데 생각나서 또왔어요!  사장님, 직원분들도 넘나 친절하세요 또올게요!!:)@@"
강강술래 상계지점,"육류,고기",02-935-9233,노원구,동일로 1628 1층 (우)01630,#가족모임#점심식사#친목모임#회식장소#카카오페이#제로페이,3.5,44,"가족행사로 다녀온곳.음식도 하나하나 모두맛있고  서비스에   넘  행복한 하루였네요~@@가격대는 있지만 맛있음 가끔 가족들과 가기 좋은곳@@맛도 괜찮고 서비스도 좋아요@@서비스가 너무 훌륭함@@가격대비 저조함,,고기에서 냄새나서 얼마 먹지도 못했음@@@@1점도 아까움 서비스 개판  >>서비스 교육 다시 받은 것 같음 서비스 좋아졌음@@강강술래는 워낙 맛있으니까요~@@맛있어요@@@@@@맛있네요@@간만에 갔더니 갈비 양념이 업글된듯. 잘 타지도 않고 연한색깔임에도 맛은 진함. 그외 반찬이나 서비스도 만족함.@@@@비싸긴한데 양은 많이나옴 메뉴판찍으려고하니깐 찍지말라고해서 황당 그냥그저그래요 굳이가서먹을정도는 아님@@지금 점심 먹는중인데  여기 올때마다 느끼는게 음식도 진짜 맛있지만  직원분들 진짜 올!!때!!마!!다!! 친절해서 너무 기분 좋습니다.   음식 먹다 말고 평점 남기네요@@고기는 맛있으나 서비스가 ☆로 직원들끼리 소통이 안 되는지 우왕좌왕하고 메뉴를 시켰음에도 불구하고 20분동안 아무런 준비도 안 해주더니 메뉴 언제 시킬거냐고 물어보는데.....  -다음편에 계속-@@2020.05.05 가족모임. 가성비와 써비스가 좋지만 반찬들이 너무 달다. 또 오고 싶지는 않는. 2020.10.05 갈비탕은 좋네@@@@@@가족외식 필수장소!@@아주머니 직원분들 친절하십니다. 반찬도 깔끔하고 모임하기 좋습니다. 고기도 질기지않고 맛있습니다.@@시설이 깔끔하다.  고깃집 화장실이 이렇게 쾌적할수가. 고기도 먹을만하다. 갈비는 잘 굽기만하면 왠만하면 맛있다. 같이나오는 반찬류도 깔끔하고 괜찮음. 해피아워 이벤트 시간대에 가면 고기를 더준다. 단, 특정 공휴일등엔 대기지옥을 경험할수있으니 미리 확인하고갈것. @@밥은 스텐에 다 타서 나옴. 탄 밥에 물 부어 먹으라는 건지? 냉면 먹는다고 겨자 부으니 고춧가루 같이 나오고. 소스 위생상태 확인 좀 하세요. 150g에 4만원치고는 가성비가 떨어짐.@@손님들이 많아서 복잡하지만 우리 테이블 맡은 분이 친절하고 일도 잘 하셨어요. 고기 맛도 좋고 푸짐합니다. ^^@@서빙하는 분들 서비스가 많이 아쉽습니다@@고기 곁들이 반찬 맛있어요 써비스도 좋구요@@서비스 정말 그지 같음, 저녁에 고기만 먹다가 점심에 4살 아이와 식사 하는데 이렇게 고기먹을때랑 식사할때랑 차별할 줄 몰랐음.. 자기네 단체 받아야 하니 빨리 먹고 일어나라는듯 옆에서 단체 손님 여기 준비 하라는둥 ,  아이가 밥먹고 있는데 언제 다 먹을지 기약이 없다는둥 옆에서 무전으로 말함.. 손님을 거지로 여기는것도 아니고... 나중에 항의했더니 그...@@항상 사람 많은 곳 친절하고 맛있고 늘 기본은 하는 곳 허나 특별함은 없다 @@맛좋고 분위기좋고 친절합니다. 손님이나 가족 대접하기는 최고임. 가성비도 좋아요@@"
로니로티 노원점,양식,02-3391-7999,노원구,상계로 63-7 청우빌딩 2층 201호 (우)01693,#제로페이,4.0,35,"채끝 스테이크 샐러드 해산물 올리브 스파게티 오이스터 크림 리조또@@존맛탱@@@@@@@@맛, 가격 둘다 괜찮아요@@괜찮았어요! 양도많고 맛있고 양대비싸서 사장님이 걱정되기도.. 그냥 다들바빠서 시크하신듯@@변했어..@@@@@@스테이크 수입고기라 그런지 찔기네ㅠ@@양많고 맛있어요. 분위기도 좋아요. @@잘 모르고 한 접시 시키려다가 직원분이 양 좀 많은데 괜찮으시냐고 알려주셔서 좋았어요. 반 접신데도 양 넉넉했습니다ㅎㅎ@@비쌈@@레알 최고 요근래 파스타 다른데 많이먹었는데 서비스나 맛 양등 좋아요  다만 모든음식이 좀 짠거빼고 !@@@@괜찮았어요~!ㅎㅎ@@@@맛있어용 직원도 친절함@@@@일단 메뉴자체가 매우 느끼합니다. 피자는 치즈가 다 굳어서 별로였구요 밑에 있는 양초는 장식이나 다름없었네요.고기는 그럭저럭 먹을수는 있었지만 피자는 정말 별로였습니다. 고기도 매우 느끼해서 셀러드랑 같이 먹어야 겨우 먹을정도였네요. 이또한 남겼습니다.@@건대점보다 나음! 오이스터 리조또 제발 드셔보세요@@양이 ㅋㅋㅋ@@샐러드 풍족하고, 가성비 뛰어납니다. 파스타도 맛나고요.....하프메뉴를 시키는게 좋을듯 하네요...양이 많습니다^^@@가격에 비해서 좋아요 맛을 기대하지 않고 오늘 파스타 배터지게 먹고 싶다 하면 가기 좋네요 거기다가 목살 샐러드인가 그것도 그냥 먹을 만했어요 치즈 많이 뿌려줘서 좋네요@@음식은 맛있었는데 집 와서 배탈이 났어요 화장실... 아무리 맛있어도 또 가진 않을 것 같아요@@글쎄요ㅜ 저는 그저 그랬어요... 그냥 무난한 맛있어요~!@@리조또에 풀어진 면과 뭉쳐진 밥덩이가 있네요. 리조또에 면이 있다는건 직전 조리한 팬을 그대로 썼다는 것이고, 밥덩이 뭉쳐진건 쌀이 아니라 이미 밥해서(그것도 리조또 조리하는 과정에서도 풀어지않는 굳은 밥)조리했다는걸텐데... 리조또에 면이 한두가락이 아니었던지라 혹시나 본인들 특색이시라면 빼는게 좋겠어요. 다시는 안 갈거 같아요.@@@@@@"
공릉본점닭한마리 본점,닭요리,02-972-7459,노원구,동일로 1020 (우)01848,#제로페이,3.9,55,"파채에서 왕벌레나오고 대충 미안해요~이 한마디만들었어요~~!!!!!@@맛은 나쁘지 않았어요! 다만 이 시국에 ㅠㅠ 좌석이 넓지 않아서 불안한 감은 있더라구여.. 그래도 밥먹으면서 소주 한 잔 하기에는 괜찮은 것 같아요 ㅋㅋ@@@@닭한마리를 많이 안먹어봐서 그런지는 모르겠으나 먹고나서 맛잇었다는 느낌은 못받앗고 걍.. 무난하게 잘 먹었다~ 뭐 이런 느낌..? @@맛있어유@@@@별류,, 느끼하고 서울이여서 맛집인 느낌 (뭔지 아시쥬..?) @@화나는 맛집 청결x 서비스x 닭이 물에 대파 몇개랑 둥둥떠서 나옴 이걸 22000원이나 주고 먹다니... 근데, 맛남@@소스가 너무 사기.. 푸욱 끓인 육수의 중독성!@@닭고기 퀄리티때문에 4점 줄까 고민했지만, 육수랑 소스가 너무 맛있다@@국물 진하고 맛있어요@@맛있어요 또먹고 싶어요@@부모님 모시고 항상 가는 맛집입니다. @@진심 별로임, 진심임@@거리두기 전혀 안지켜짐 다닥다닥 붙어있음 안 가길 추천  + 내 글에 열받을 사람은 관계자가 아닐까. 네이버맵 가봐도 거리두기 안지켜진다는 리뷰 여럿 있고 관계자 아닌이상 잘 지키는지 아닌지 손님이 어떻게 확신에 가득차서 말을 하는지 ㅎㅎ 우연히도 내 글 저격하면서 댓글단거같은 리뷰를 보게됐는데 진실이 어떤지는 직접 가보시길. 얼마나 다닥다닥 앉는지 직접 ...@@와 너무 맛있게 먹었어요 닭도 하나도 안비리고 국물도 담백하니  좋았어요♡@@너무 덥고 죽이 없다는게 흠이네요 ㅠ 전체적으로 평범했어요@@식당에서 거리두기 찾으려면 제발 나오지를 마세요…  테이블마다 판 세워두고, 에어컨 틀었지만 나름 환기시킨다고 창문 다 열어놓고, 마스크 다 끼고 장사하고, 거리두기 잘만 하고있던데 뭐가 문제인지?… 한시간마다 다 내보내서 알콜소독이라도 해야하나요? ㅋㅋㅋㅋㅋ 너무 억지아니냐 진짜  규정 어긴거 하나 없는데, 거리두기 거리두기 하면서 인상 찌푸릴꺼면 집에서...@@명불허전@@@@최고입니다@@@@그냥그래요@@본게임인 닭은 그냥 그렇습니다. 닭육수에 칼국수와 죽해먹는건 맛있네요@@본점이라 다른지점하고는 비교불가. 15년단골임. 맛있어요@@10년째 가고있는 맛집. 못 가면 집근처분점으로 가고 있어요. 처음에는 이게 뭐야? 하지만 떡사리를 시작으로 닭과 함께 시원한 국물, 김치(처음에 주시는 건 국물에 넣고, 칼국수 드실때 한번 더 받아서 같이 드시는 것 추천), 야채(양념장 비율 중요)랑 먹다가 칼국수 시켜서 먹다가 일부는 양념장에 비벼 먹다가 죽시켜서 먹다보면 내가 이걸 어떻게 다먹었지 하...@@@@어릴때부터 자주 갔는데 맛있다.@@체인 몇군데 (장안점 망해서 없어지고 수원점) 먹어봐도 역시 본점맛은 못따라가나? 지점마다 뭔가 자꾸 첨가하는건지 빼는건지 맛이 달라ㅠㅠ 멀지만 친구집 갈때마다 들려서 포장해서 먹는집 본점 저녁때 줄은 진짜 토나왔는데ㅠㅠ @@@@@@보통 닭한마리인데 웨이팅 때문에 마이너스 요소..@@오랜만에 점심 먹으러 여유있게 11시40분에 갔습니다. 문이 닫혀있고 12:00시 정각부터 오픈한다고 바뀌었습니다. 기다리다 들어갔고 10분만에 자리는 다 찾습니다. 한꺼번에 몰리니 홀 아주머니들 정신 없습니다. 상차림이랑 주문 음식이  순서랑 관계없이 엉망진창~ 계산하며 주인장에게 물어봤습니다. 오픈 시간이 왜 바뀌었는지....  최저임금 때문에 직원들 ...@@@@별거아닌듯한 맛이였는데 먹다보면 계속먹고있고 한두달지나면 국물이 생각나는맛 저녁때엔 사람많으니 피해야함...@@"
신가네칼국수 노원본점,한식,02-948-9956,노원구,공릉로59나길 78-14 1층 (우)01830,#과메기#노원맛집#밀키트판매#보쌈맛집#칼국수맛집#제로페이,4.5,53,"칼국수에 파전 = 환상 .. 넘 맛있었어요 깔끔하구@@북서울미술관 방문하면서 근처 맛집 찾는 분들에게 추천합니다! 둘이서 방문해서 바지락 칼국수 2인분이랑 수육 주문했어요.   이렇게 많을줄 몰랐는데 정말 큰 그릇에 면이랑 바지락 가득 담아 나옵니다! 바지락도 2인분이라고는 믿을 수 없을 만큼 많아요ㅠㅠ 수육도 부드럽고 맛있어요!  단점은 가게가 좁은데 엄청 바글바글하고 정신 없는 분위기예요..! 웨이팅은 주...@@너무 맛있어요 !! @@이쁘게 잘 나와요 맛도 좋구요@@들깨칼국수 넘 맛있어요@@@@가성비가 좋고 맛있다. 해물파전 강추@@헐 들깨칼국수 대박입니다. 일단 한 번 드셔보세요~^^@@사장님 너무좋으시고 오랜시간 자리지켜온맛집.@@너무 기대를 했나봐요.. 들깨칼국수는 국물이 생각보다 진하지 않았고 특별한 점도 없었어요 수육도 그 이상, 그 이하도 아닌데 양은 완전 초라해요 그래도 칼국수가 가성비는 좋아서 몇 번은 더 가보고 싶어요!@@@@을지병원 뒤쪽에있음. 비오는날 파전막걸리 먹으러 자주감@@이 시기에 자리가 너무 다닥다닥.. 주차 공간도 없음..@@가격도 정말 어떤 그칼국수집보다도 착하고 무엇보다 맛있다는게 팩트@@가성비 최고네요  딸래미도 너무 잘먹고 자주 갈거같아요@@칼국수 맛집!!  점심먹으러 자주가는데 들깨국물 진하고 좋아용! 굿굿!@@12000원짜리 수육... 고기 몆조각 주는걸로 12000원씩이나 받겠다구요? 너무 하는거 아닙니까? 차라리 중국집에서 탕수육을 먹고말지. 열무김치도 너무 짜고 그리고 아까 계산할때 각자 나눠서 계산하는건데 그걸 갖고 계산복잡하게 한다고 화내시던데 그게 왜 화낼만한 일인지 모르겠네요 @@근처 일이 있을때마다 맛있게 잘 먹고 갑니다~ 노원 하계동 맛집은 여기죠~@@들깨칼국수는 정말 여름에 먹어도 꿀맛입니다... 신가네만의 면, 국물의조화@@깨끗해서 좋고 맛있습니다!!@@보쌈파전은 진리죠, 비오는날 카톡보고 가면 막걸리도 공짜로 주십니다@@너무 정신없고 불친절합니다. 바지락 칼국수 조개에 해감이 덜되었는지 모래가 자글자글 ...편안한 식사는 아니네요...@@홀에서 드시지 마세요 개인 식사 다 먹을때까지 기다렸는데 하도 안나와서 파전 언제 되냐고 하니까 주문 누락됐다고,  이제 조리 들어간다고,  조금만 기다려 달라고, 결국 취소하고 갑니다 저희만 얘기하는게 아니라 저희 앞에 오신 분들도 파전 언제 나오냐고.. 그 와중에 포장배달은 나가고 있네요 굳이 여기까지 와서 먹을 이유가 없어졌어요 이제는 안 갑니다@@서리태콩국수 찐맛....감동@@음식도 정갈하고 넘 맛있었어요!! 식당도 깨끗하고 직원분들도 친절하셔서 너무 기분좋은 한끼였습니다 ^^@@맛나요@@칼국수한그릇인데도 정성이 느껴집니다 맛있어요@@맛있는 만큼만 먹었습니다@@가족들이랑 ^^@@@@모든 메뉴가 훌륭합니다만 특히 들깨칼국수는 그 어느 음식점보다도 진하고 맛있습니다. 오곡으로 자가제면한 것도 인상적이구요.@@가격 착하구 재료 좋구...건강해지는 느낌입니다@@짱맛있어요@@여기 여름에 콩국수 엄청 맛있어요우@@싸고 맛있어요! @@"
크래버대게나라 노원점,"게,대게",02-931-2338,노원구,한글비석로 326 1층 (우)01718,#가족모임#건강식#데이트코스#분위기좋은#손님접대#친목모임#코스요리#퓨전한정식#회식장소#제로페이,4.2,93,"깔끔하고 맛도 있었어요 :)@@@@런치메뉴도 나쁘지 않네요. 맛있게 잘 먹고 왔습니다. 다음에는 메인 먹으러 가야겠어요.@@맛있음 냄새도 안나고 양도 나쁘지 않았던걸로 기억함 맛있어서 그런지 사람은 많은 편..@@맛있어요.@@친구들과 점심 식사로 왔어요 조용하고 분위기 좋고 대게정식 맛있게 먹고 왔습니다. 주차하기도 좋았어요@@사람 많아 복잡해 보였지만, 직원분 케어가 정말 짱이네요 덕분에 대게코스 맛있게 먹고 왔네요 음식이 나올 때, 너무 느리지도 빠르지도 않게!!! 살 많은 점도 역시 좋습니닷@@가끔 먹어요 가게 내부도 깔끔하고 맛도 좋아여@@매장 분위기 깔끔하고~모임하기 좋은 곳이라 생각이 들더라구요~여기서 만나길 잘 했다 싶었습니다!!! 대게요리 정말 맛있었어요@@주말 복잡하긴 했지만 직원분이 너무 치절하게 잘 대해 주셔서 잘 먹고 왔습니다~대게살 많아서 만족합니당~@@대게코스 주문,처음 음식 나오기 전까지 시간이 좀 걸렸는데 음식 보니깐~이해가…대게가 잘 쪄서 나오고 다른 음식도 잘 나왔어요@@별점조작및 직원 불친절 *매니저 특히*  5월7일 어버이날기념으로 어머님모시고 아이들과 방문. 10시30분까지 식사가능하다며 자리안내받고 8시40분경 자리에 앉음. 물도 메뉴판도 안가져줌. 공기밥도 2번은 말하고 받음. 마감하기바쁨. 볶음밥해준다고 가져가놓고 마감준비만하다가 나중되서 테이블보더니 죄송하다며 가져다줌. 등딱지볶음밥 가져다주면서부터 나가라고 눈...@@룸에서 먹을 수 있어서 좋았고~직원분 친절에 맛까지 좋아서 완전 짱이었음용@@살이 탱탱하궁~손질 잘 되어서, 먹기 참 편안하더군요! 좋았습니다@@상차림 요리들이 다양하고 신선하네요~ 대게 수율도 좋고 잡내가 없어서 더 담백했어요!@@@@대게도 맛있궁~스끼라고 해야하나요? 종류도 많고 맛도 좋아서 기분 좋게 먹었어용@@맛은 있는데 킹크랩 2인 28만;;; 코스 세트밖에 없는데.. 대게 집에서 찹스테이크는 왜나오는지 ㅠㅠ 코스로 배불리는 느낌. 차라리 이돈으로 오마카세 2번갈듯.... 절대 비추입니다;;; @@@@대게랑 랍스타랑 존맛! 중요한 손님 모시고 오기 좋았궁 직원분 친절함!@@@@대게의 담백한 맛에 또 한번 반했습니다. 수율도 좋고 잡내 하나도 없어서 너무 좋았어요.@@2층으로 안내 해 주셨는데 고급스런 분위기 속에서 편안하게 잘 먹었어요@@평점 조작을 멈춰주세요!!! @@비가 와서 불편하겠다 싶었지만 편안하게 식사 했습니다 대게 정식 참 잘 나오네요 다음에도 방문의사 있음!@@직원분들 서비스도 좋고, 역시 대게 찜 요리는 기대를 저버리지 않군요! 완전 신선해요 ㅎㅎ@@대게코스 먹었는데~핵 잘 나왔습니당 이벤트 중이라 할인 받고 편안하게 먹고 왔네요. 직원분 친절 서비스 감사합니당@@지인들과 모처럼 식사 대게정식 가격 좋궁 맛 좋궁@@정식 잘 나왔어요. 이 가격에 참 괜찮다 생각 들었네요 추천해요 ㅎㅎ@@명절에 움직이기 어려워서 선물 고민 엄청했는데~포장 전달 드렸는데 잘 먹었다고 좋아하셨어요.@@대게 코스 주문, 엄청 엄청~잘 나오네요-@@결혼을 앞둔 친구 축하~! 조용해서 좋았고 코스로 나오니깐 편해요 마지막 볶음밥  드시는 것도 강츄.다 맛있엉@@주말.비가 내려서 외출이 귀찮았지만, 오길 참 잘했네요~부모님 생신!! 맛있게 먹고 함께 즐거웠습니다.@@조용하고 고급스런 분위기에서 부들부들한 대게 살 맛있게 먹음.@@알바 천지네 ㅋㅋ@@"
제일콩집,두부전문점,02-972-7016,노원구,동일로174길 37-8 (우)01849,,3.6,58,"콩국수 맛있는데 면 양 왤케 적어요? 9천원이나 하는데 면 양 좀 늘려주세요. 콩이 비싼거지, 면 그거 얼마한다고..@@지난번 너무 맛있게 콩요리를 먹어서 오늘또 다녀왔습니다. 주문을 하면 보쌈도 가능하고 청국장도 직접 청국을 띄워서 쓴다고합니다. 특히 국산콩만을 고집하고 40년이 넘게 콩전문점을 운영한 노하우로 질이 우수하여 건강식을 좋아하는 분들이 많이 찾는 맛집입니다 너무 맛이 있고 건강해지는 느낌입니다.@@전 개인적으로 밑반찬은 별로였어요.. 메인 메뉴는 그럭저럭 나쁘지 않았습니당@@아직도 여길 가 처먹네....@@건강한 한끼? 먹을수 있는 곳이라 자주 가요 ㅋㅋ 맛있어요@@@@제일콩집 이름만 들어도 군침이 싹도네요. 김치청국장먹으면 됩니다. 고민하지마세요. 반찬은 다 싹도는 반찬들이고, 시골 가본적은 없는데 아 이게 시골에서 할머니가 해주는 맛있는 반찬이구나 싶어요. 주기적으로 안가면 약간 현기증나는데, 지금이 그래요. @@별로@@두부전골 소자 두 명이 공기밥 추가해서 먹었습니다. 고기가 들어가 육향나는 국물 넘 따듯하고 칼칼하고 감칠맛나게 잘 먹었어요. 쑥갓 아삭하게 계속 국물에 함께 먹어 좋았고, 밑반찬들 하나하나 맛있었어요. 추천받고 검색하면서 평점이 생각보다 낮아서 큰 기대를 안했는데 계속 와서 하나씩 시켜먹으려고요. 지방 맛집가면 만날만한 반찬구성이 제일 좋았고, 맥주, 사...@@깔끔하고 담백한 두부집@@@@⭐️⭐️⭐️⭐️⭐️⭐️@@콩탕, 콩국수 진짜 맛있습니다. 콩전문점이어서 그런지 콩물이 진해요! 볶음김치랑 잘어울립니다@@@@너무 맛있어요 ~ 직접 만드셔서 그런지 정성도 느껴지고 반찬도 다양하고 맛있었어요. 또 올께요!! @@와..진짜 맛없고 반찬도 너무 허접하네요 콩다반 볶음김치 콩나물 생 양배추 깍두기 김치 라니 .. 두부 시켰는데 밥도 추가로 안줘요 대단 @@고소하고 맛있습니다! 양은 좀 이쉽네요^^@@@@기대하고 갔는데... 맛도 친절도 모두 아님. 인사는 좀 받아주시지... 콩국수 진짜 아니에요 ㅜㅜ@@순두부 9천원 잘 먹었어요.@@오늘 어머니 모시고 다녀왔는데 나이드신분들한테는 추억의음식이랄까 럭셔리 퓨전은 아니라서 젊은사람들에게는 비호감일지 몰라도 악평을받을 집은 아니라고 봄@@콩국수 개미쳤음 그냥 미침 @@맛 별로, 분위기 어수선, 가격 비쌈@@멀건 두부찌개 ㅠㅠ 밑반찬도 부실하고 돈아깝 @@음식모두 맛있거나 무난.@@사회적 거리두기가 지켜지지 않는 식당이에요. 바로 옆 테이블에 사회적 거리두기를 위해 비워달라고 안내판이 있었지만, 다른 손님이 그냥 앉았을 때 아무런 제지도 하지 않았습니다. 그래서 마스크도 쓰지 않은 무방비 상태에서 침튀겨가며 이야기하는 옆테이블과 바로 옆에 앉아서 위험한 식사를 하고 왔네요.@@@@주차도 편하고 콩국수랑 청국장 맛도 괜찮은 편.  집밥 느낌임. 그런데 청국장에 제공된 공기밥을 누가 먹은 것 같은 걸로 줘서 살짝 빈정 상함. 다행히 바로 바꿔주셨음. 그럭저럭 먹을만 한 곳.  @@콩국수가 아주 진하고 건강한맛! 다음에는 어머니 모시고 찾아갈만한곳~@@@@콩국수, 만만치 않음.@@강북에선 꽤나 유명한 콩요리집 @@음식들이 모두 정성 가득했어요. @@맛이 과하지않고 기본이 좋아요@@@@"
에그머니,양식,02-977-2999,노원구,화랑로 421 (우)01861,#경양식요리#제로페이,4.2,46,"맛은 있는데 약간 느끼하고 홀에 일하시는 직원분이 불친절하세요.@@주문: 소세지+와사비 오므라이스, 명란 오므라이스  장점: 데코  단점 -밥은 떡짐 -소스와 밥이 전혀 조화가 안됨. 다 따로 놈. -심지어 덮은 계란도 따로 놈. -느끼하기도 함 (맛없는 느끼함) -가격 비쌈  총평: 판단은 알아서 (맛은 주관적이니)@@프로 4점러입니다. 여기는 5점입니다 대 존 맛  @@@@소스 활용이 진짜 대단하심.. @@정말 맛있네요 ㅋㅋ@@아주 맛나요!! 학교후배라서 찾아간집인데, 바빠서 아는척을 못하고 왔네요. 파이팅해!!!@@@@먹어본 오믈렛중 최고였어요@@평이 왜 좋은거지? 매장은 너무 협소해서 답답하고 정신없고 명란 오믈렛 그저 짜고 김에다 밥 싸먹는 맛 그냥 그렇게 느껴졌어요 함박은 명란오믈렛보다 괜찮았지만 그냥 저냥.. 평범한 맛 그 이상도 이하도 아니고 재방문의사는 절대 없을 듯 합니다..@@징짜 넘 좋음.. 가게가 매우 협소하긴 하지만 분위기도 좋고 식전 스프 나오는것두 넘 좋다! 오믈렛도 진짜 맛있다♡♡ㅠㅠ 그 가르면 촥 퍼지는 오믈렛 그거예욤 대박..@@직원들 친절하시고 오믈렛도 넘 맛나요!@@여기 뭐야... 진짜 맛있어요... 명란오믈렛 꼭 드세요... 사장님은 푸근한 삼촌느낌...@@동네에 있었으면 하는 오므라이스집 양도 넉넉하고 남녀노소 호불호 없는 맛에 아이들도 좋아할 것 같아요. 근데 볶음밥이 조금 느끼한 편이라 제 입맛엔 느끼함을 잡아줄 수 있는 뭔가가 있다면 더 좋을 것 같습니다!@@음 평점보고 갔지만  그정도 까지인지는 잘 모르겠다. 살짝 느끼했고 스프는 원래 식은걸 주는건지 식은 스프를 먹었다.@@별점 5점도 아깝네요. 왜 별점이 10점까지 없죠? ㅁㄹㅇㅁㄹㅇㅅ에 ㅁㄴㅎㅂ 추가했는데 ㅁㄹ을 크림처럼 올려서 간도 잘 맞고 계란도 포슬포슬합니다. 스프가 조금 따끈하면 더 좋을 것 같아요. 개꿀맛입니다!@@ㅇㅅㅇ 하나도 안느끼하고 다 존맛탱임,, 이 부근에서 이렇게 괜찮은 가격에 에피타이저랑 수프까지 맛있게 나오는데 없는듯. 싹싹 긁어먹음.@@평점을 후하게 주는 편인데 너무 느끼했어요 자극적인 맛도 강하구요 제가 느끼한 음식을 굉장히 잘 먹는데도 느끼했어요! 샐러드 소스는 너무 많이 뿌려졌고 오므라이스가 느끼한데 샐러드 소스까지 궁합이 좋지 않았습니다! 샐러드 소스를 상큼한 종류로 바꾸거나 레몬즙을 살짝 뿌리는걸로 바꿨으면 좋겠어요 여러 음식점들을 많이 가봤지만 현 평점인 4.4즌 너무 지나치단...@@전채로 크림과 블랙올리브를 올린 바게뜨, 차가운 콘 스프가 나왔습니다. 맛있어서 급히 먹느라 스프는 사진을 못 찍었네요.   와사비+소시지 오므라이스, 치즈 오므라이스, 명란 오므라이스를 맛보았는데, 명란이 제일 맛있고 그 다음은 와사비 오므라이스였던 것 같습니다. 치즈와 소시지 오므라이스는 평범했습니다.  이외에 참깨 드레싱이 올라간 양배추 샐러드, 할라...@@맛있는 스프주는 경양식집♡ 오므라이스 넘나 맛있어요 ㅠㅠ 요새 잘 찾기 힘든 메뉴라 장말 맛있게 먹었습니당 함박스테이크와 와사비  소세지가 너무 맛있네요 ㅠㅠ 사장님도 친절하세용 곧 더 유명해지실거에요~!@@와사마요오므라이스 첨먹어보는데 특이하고 마싯어용! 치즈오므라이스도 맛나요 매장은 협소한데 친절하십니다 재방문의사O@@갈릭은 마늘맛 별로 안나고 일반 오믈렛같고 명란이 정말 존맛 미니 함박까지 꼭 추가해서 드세요  강남 무 유명 오믈렛집 보다 더 뛰어난 맛입니다 @@맛있어요 가격대비 훌륭합니다 홀이 좀 좁은게 단점이라면 단점 매일 지나다니는 길인데 너무 안쪽에 있어서 못봤었나봐요 검색하다 알게됐습니다 치즈오믈렛도 맛있고 함박추가한것도 너무 맛있고.. 특히 에피타이저로 나온 브루게리타가 ㅋㅋ취향저격이었습니다 치즈가 아니라 크림같았는데 살짝 달달하고 암튼 맛있었어요 자주올듯!@@솔직히 기대 안하고 갔는데 에피타이저부터 메인메뉴까지 넘 좋았습니다. 함박스테이크도 다른곳과 다르게 래어라 넘 부드러웠습니다. 진심 번창하시길... @@진심 오믈레 맛집 !!@@함박스테이크 맛있어요~ 식전 스프랑 에피타이저도 좋았습니다 평점 좋을만 합니다@@나름 새로운 요리 도전하는거 좋아하고, 요리도 좋아하는 사람으로서 기대하고 갔는데 안좋은 쪽으로 깜짝놀랐습니다.. 식전 에피타이저랑 수프는 좋았습니다. 메인은 명란 갈릭 반반이랑 브라운소스 오믈렛을 시켰는데, 명란은 김소스 특유의 향이 호불호가 심할거 같은 맛이었고, 갈릭은 정체모를 쓴향이 나더군요. 마늘을 엄청 좋아해서 웬만한 마늘 요리는 다 좋아하는데 ...@@좀 좁긴한데 맛있고 괜찮은 것 같아요! 밥에 후리가케가 섞여져있어서 감칠맛 나고 좋았습니다@@명란 갈릭 반반했는데 맛있어서 놀람@@맛있어요 :) 나만 알고싶은 가게 .. @@아담하고 아늑합니당 덕분에 기분좋게 시간 보내고 왔네요. 맛있게 잘먹었습니다:)@@"
감각,카페,070-7576-4177,노원구,상계로 77 1층 (우)01693,#감성카페#디저트카페#앤틱한,3.2,27,"기대했는데 다른 데 보다 비리고 그냥 그렇습니다.. 음료는 에이드가 괜찮았어요@@노원 쪽에 흔치 않은 앤틱 느낌 카페입니다 디저트도 메뉴도 튼실한것 같고 작업하기엔 안좋아도 모임하긴 좋아요~@@좋아요  분위기도좋고 화장실도  디저트는 보니까 직접 만드시는거 같아요  반죽하시는게 보이네요  @@리뷰랑 비슷한 느낌 받았어요 음료는 괜찮았는데 디저트는 가격에 비해선 살짝 실망스러웠습니다..ㅎㅎ 그래도 다른건 다 좋았어요@@@@수플레가 먹고싶어서 무작정 갔는데 좀 실망했습니다 생각보다 비싼 가격에 기대에 못 미치는 맛.. 음료는 그럭저럭 맛있었고 고풍스럽게 꾸며져있어서 분위기는 좋아요@@와플이 좀 심심한 맛.. ~ 개인적으로 괜찮았지만 호불호 갈리겠다 싶은 느낌이긴 했어요.  다른건 몰라도 의자랑 테이블이 역시 너무 불편한 전형적인 감성만 신경쓴 카페 느낌이라 재방문 의사는 없어요 ㅠㅠ @@뭐... 리뷰에서 보시다시피 그냥 예쁜 노맛 카페입니다. 커피는 시키지 마시고... 샹그리아가 그나마 먹을만 한 편입니다.@@영업시간 미리 공지좀@@제가 여기 세번갔는데 한번은 8시에 갔는데 끝나서 안된다 해서 헛걸음, 한번은 7시에 갔는데 재료소진이래서 헛걸음, 마지막이다 생각하고 6시에 갔는데 앞손님이 많아서 한시간 기다리래서 참고 기다렸는데 한시간 넘어서 나와서 먹는데 5분만에 먹고나왓어요. 주변에 수플레시킨 사람도 없던데.. 다신안갈거같아요. 그냥 수플레는 안하는게 나으실듯.. 여기가려면 한시간...@@인테리어 맛집@@분위기 좋네요@@여느분들과 같이 낮은 테이블이 참 불편.. 디저트 카페에서 디저트를 포크로 먹어야하는데 테이블 높이는 그냥 음료나 마실 높이 분위기, 디자인이 좋아서 갈만은 한데 그마저도 사람 바글거리면 메리트가 떨어지는듯@@분위기 넘 좋아용@@분위기 좋아요- 음식은 쏘쏘@@분위기가 너무 좋네요@@@@전에 혼자가서 티라미수 주문했었는데 혼자 다 못 먹겠어서 포장 부탁했더니 안된다고 ㅎㅎ...... 결국 다 못 먹고 반은 버리고 왔어요@@와플 맛없어요.... 제가 와플 진짜 좋아하거든요?? 진짜 오랜만에 와플이 먹고싶어서 여기 와플을 팔길래 먹으러왓믄데ㅜ진짜 맛이업내요.... 그리고 자리가 넘 불편해서 슬퍼요 허리가 박살날고같아요 하지만...음료수는 맛잇엇습니다 @@수플레가 맛은 있는데 가격이 넘 깡패인게 딱 갬성값인듯 해요@@분위기가 좋아요 근데 맛있진 않고 쏘쏘해요. 독특한 카페 같아서 재방문 할 것 같아요@@불친절해요 @@수플레가 한시간걸릴 요오리인가 ㅎㅎ@@딱 인스타갬성 사진 찍기만 좋은 곳,,가격은 창렬인데 그렇다고 그만큼의 맛도 아닌 홈카페보다 못한 커피맛 수플레도 진짜 별로 핫케이크 안익은 맛나고 수플레 나오는 시간도 1시간정도 걸리는데 익선동에서 유명한 수플레집보다 오래 걸리고 맛도..차라리 인스타갬성사진 찍고싶어서 가는거라면 홍대ㅊㅊ@@분위기나 컨셉은 좋고 메뉴도 무난 그에 비해 가격은 그냥그냥. 자리를 다닥다닥 붙여놓았는데 중간에 칸막이나 작은 화분이라도 놨으면 싶어요. 옆자리 신경쓰일정도임. 요즘 인스타 유명 카페들 유행인지 의자 앉는높이랑 테이블 높이가 같아서 새들이 모여먹는것 마냥 숙여야 해서 불편해요 수플레펜케이크 주문하려니 한시간 반 걸린다고해서 못먹었어요.. 타이밍을 잘 맞춰...@@다 좋은데 테이블 쫌 낮아요@@분위기 좋아요@@"
어글리스토브 노원역점,양식,02-935-8459,노원구,노해로81길 12-21 3층 (우)01695,#노원맛집#노원배달맛집#노원역맛집#노원파스타#브런치맛집#데이트코스#소개팅#제로페이,3.8,33,"몇번갔던 곳인데 조금 소란스러웠던 것 말고는 괜찮더라구요@@맛있습니다.@@@@아는 선생님이 추천해주신 곳 나중에 한 번 들러서 먹어보고 싶어요@@직원분이 정말 친절하세요 맛있게 잘 먹었습니다@@@@@@자꾸 생각나는 맛이네요 커피잔이 넘 촌스러워서 하나 뺐어요 장사 잘 되는데 예쁜 컵좀 사시면좋을듯요@@유명한 것 같아서 가봤는데 생각보다 기분 좋게 먹고 나왔네요~! 직원분들도 친절하시고 가격 대비 괜찮은 퀄리티라 양식 먹고 싶은 날에는 바로 여기가 생각날 것 같아요!@@직원분들께서 너무 친절하시고, 맛있었습니다! 또 가고싶네요:)@@Had the shrimp and steak combo, with a grapefruit mojito. Outstanding! Steak was a perfect medium rare, great flavor on everything. Nice atmosphere, friendly service. Will definitely be back!@@@@음식 하나도 안 신선하고 매니저 같은 중년남성들, 직원한테 뭐라뭐라하는데 보는 손님이 불쾌할 지경이었어요. @@파스타 맛있네요@@@@@@메뉴가 다 맛있어요 또가고싶네요@@헌혈하고 먹는 파스타는 짱짱임 ㅋㅋ@@갈때마다 넘 맛있음 !!@@오랜만에 생각나서 가봤어요@@맛있는데 비쌈@@헌혈하면주는쿠폰이생겨갔지만치킨플라프맛이나쁘지않았어요^^아보카도샐러드도같이시켜먹었는데양도많고좋았네요..헌혈했는데밥먹는쿠폰주는헌혈의집은처음이기도하지만어려운시국에기부해주는어그리스토브가게도참착한가게같네요감사히잘먹었네요^^@@@@테이블이 끈적끈적. 숟가락 없이 손으로 먹으라구? 서빙 꼼꼼히 챙기지 못하고 음식이 먼저 나왔어요. 스탬프 적립은 고객이 챙김. 먼저 물어보지 않아요~ 저번에는 주문 누락되어서 한참 기다렸는데... 올때마다 뭔가 기분나쁜 이 지점. 다신 안갈게요. @@그냥 학식 같은맛. 차라리 근처 서가엔쿡 가세요@@맛 그닥@@아주머니들이 많아서 시끄럽습니다- 알리오올리오는 퓨전인듯.... 맛은 그닥... 전체적으로 가격이 나갑니다-@@카카오맵의 메뉴 가격 보고 갔는데 안창 치킨 스테이크  매장 가격이 천원 비쌌음. 업데이트 안 한듯. 양ㅡ중하 맛ㅡ중 분위기ㅡ중 시설 하(남자화장실 수도꼭지 고장)@@맛은 뭐 그냥저냥.  직원들은 무뚝뚝. (사람 말에 대답을 잘 안 하고, 행동으로만 함. 이게 은근 무시 받는 거 같음)  굳이 갈 이유는 모르겠음.@@@@"
시드누아 노원본점,커피전문점,02-938-9559,노원구,상계로 84 (우)01695,#디저트카페#로스팅전문#베이커리카페#분위기좋은,2.7,59,"@@공간은 좋고 음료는..양이 너무 적어요 딸기라떼 한모금 하니 끝났어요@@지하도 널찍하고 층고높고 공간넓어 좋아요 빵종류도 많았어요@@리뷰 그대로에용 카페는 다 비슷비슷하니까 서비스가 생명인데,,, 그 점은 좀 개선해주셨으면 좋겠습니다 커피 맛은 좋아요@@앙버터!@@분위기랑 빵맛 다 좋긴한데 자리가 넘 불편해용@@여직원 문제있는듯 인테리어가 아까운 친절도 @@와이파이가 없는 카페 처음...@@몇주 전에 갔다가 다시 가려고 검색했는데 역시나.. 들어가자마자 직원들이 뒤에 QR 체크하라고 그러는데 말투부터 기분 나쁘더군요. 그럴꺼면 기계를 문열고 들어가는 오른쪽에 두던가요.. 물론 커피는 노맛이고요@@저 불알등 켜는게 회사 정책이랍니다. 원래 꺼져있었고 그래서 앉았는데 꼭 정책이래서 켰더니 눈부셔서 옆 테이블 사람까지 같이 일어났네요 ㅋㅋㅋ  흡연하러 나갔다 왔는데 나갔다오지 말라며 소리지르네요 ㅋㅋㅋㅋㅋ 방역 때문이라는데 내일 또 방문하는 사람은 코로나 리셋되나요 직원들은 집 안가나요 살면서 이런 불친절은 처음 겪네요.ㅋ  손님한테 화내고 소리지르고 ...@@직원들 매우 불친절하고 들어가자마자 명령조로 소리치면서 ""qr찍어요!"" 라고 해서 사람들 다 놀라고 흡연실이 없어서 밖에 나갔다가 와도 외부 이용 하지말라고 소리쳐요  직원들이 항상 화가 나있는 무서운 카페입니다 윽@@직원들 이렇게 불친절한 데 처음 봤습니다. 큐알안하면 마치 때릴 것 같은 말투였습니다. 직원들은 교육은 받고 일하는거 맞나? ㅋ 이번생에 또 가면 내가 미친거야 @@카페는 예쁘고 커피맛은 못마실 정도는 아닙니다 다른 리뷰들 봐도 알겠지만 직원들이 매우 불친절하고 커피먹다가 담배 잠깐 피고 들어오면 엄청 뭐라합니다 카페는 한시간 이내로 사용하라 하고 항상 화가 나있는 모습입니다@@그냥저냥 가는데 알바가 친절했던 적이 한번도 없음 월급을 제때 안주는지 자주 빡쳐있음@@음료 빵은 그냥 평범한맛이에요 별3개 직원 응대는 1개도 아까워요 살면서 이렇게 불친절한 카페 처음와봄 @@@@에어컨 약해서 개덥고 음료 양은 창렬임@@노트북 쓸거면 가지마세요. 콘센트도 거의 없고 탁자는 낮고 의자는 높아서 못 씁니다. 와이파이 당연 없고요. 커피만 즐기러 가기에도 불편하지 않나 싶을 정도에요. 주문할땐 '1시간 이내로 사용해달라'고 꼭 말합니다. 이쪽 지역에 워낙 카공족이 많아서 그러는건 이해하지만 커피랑 빵 포함해서 1만원 훌쩍 넘는 금액을 쓰고.. 노트북 작업해도 2시간 안 넘길 상...@@와이파이가 없는 것이 컨셉인 카페  (실제 직원분이 한 말 입니다) 테이블 굉장히 낮고 음료 가격도 비싼 편  그리고 아메리카노 원두 산미 강한 편이니 참고하세요 ~ @@별 하나도 아까워요 어딜가면 다 있는 와이파이도 설치 안하고 음료도 양 많이 주지도 않으면서 개비싸고 테이블 개낮고 의자 개딱딱하고 겉으로는 디자인에 신경쓴것처럼 보이는데 전 개구렸어요 여기 카공 절대ㄴㄴ 그리고 직원들 말투 좀 신경좀 쓰셨으면 ‘그건 안되세요’이런 부정적인 말투의 대응은.. 상대방이 듣기에는 좀 썩 기분은 좋지 않거든요 좀 더 충분히 둥굴...@@비싸당..@@허거걱,,, 매장 직원분중에 여성분?? 불친절함에 매번 놀라요... !!!!!!!❗❗❗❗❗❗ 그렇게 불친절하고 꼬여있어서 세상살기 힘드시겟어용....^^ 포장도 굉장히 불편하구,떼잉ㅋ 참다 참다 후기 남겨요~~~@@콜드블루 맛있어요! 디저트류랑 잘 어울려서 좋아요@@커피가 아쉽네요@@맛있지만 포장이 불편해요. 얇은 종이에 빵을 싸줬는데 종이가 작아서 옆구리가 보여요. 비오는 날인데.. 케이크상자도 손잡이가 없어서 비닐봉투를 따로 사야되네요. 매장에서 먹는게 편할 것 같아요@@@@카페의 본질인 커피가 너무 맛없어서 못 마셔줄 정도입니다. 커피에 집중해서 운영해보시길.@@@@와이파이 안되는거 사전 공지좀 해줬으면.. 힘들면 안내문이라도 크게 알수있게 게시해주세요. 자리가 넘 불편해서 오래있을 곳이 아님@@@@@@노원역에서 보기 드믄 카페지만 빵은 테이크아웃해서 집에서 먹길 추천. 사장님이 예술과 인테리어에 관심이 많으신거같아 눈은 호강하지만 한시간 앉아 있기에도 편한 곳은 아니에요. @@리모델링 왜했는지.... 조명도 너무 어둡고 앉아서 대화하기도 불편해요. 빨리 나가게되고 전보다 안찾게되네요. 전이 훨씬세련되고 편함. @@아몬드 크루아상 맛있어요- 근데 가격이 부담됩니다-@@노원역 근처 생각나는 카페가 붐비는 스벅빼곤 여기뿐이라니-_ㅠ@@"
왕십리조개창고 노원점,조개,010-3942-3533,노원구,상계로1길 38-11 우창프라자 2층 201호 (우)01693,#가족모임#고기뷔페#데이트코스#세계맥주#조개구이무한리필#친목모임#회식장소#제로페이,3.1,30,"단점은 입출구가 통합된 통로가 작은 지하 주차장, 식당 내 이동 불편함, 환기 부족등등 있었고 장점은 여러 종류의 음식, 맛있음 정도라 괜찮았습니다@@다른 지점으로 다니다가 노원점 처음 가봤는데 나쁘지 않았어요! 육해공 세트 알차더라구용 ㅋㅋ 근데 제가 갔을 때 사람이 많아서 그런지 되게 정신 없는 느낌?은 살짝 있었어요@@조개도 신선했고 조개랑 고기랑 같이 먹을수 있어서 넘 좋았습니당ㅋㅋㅋㅋ 저는 해산물 좋아하고 친구는 육식파인데 둘다 만족했어여@@가리비를 좋아하는데 원하는 조개들만 가져와서 먹을 수 있어서 너무 좋았습니다. 그리고 생각보다 조개들 상태가 나름 싱싱하더라구요 맘대로 가져와 먹을 수 있는 고기들 종류도 많고 진짜 맛있었습니다 ㅎㅎ@@키조개가 손만큼크고 조개 고기 꼬치등 다양한것을 무한리필로먹을수있구 마지막에 라면에 조개넣고 끓여먹으면 너무 맛있어요!!!!@@육해공 구성 완전 최고에요! 조개, 고기 다 싱싱하고 퀄리티 대박입니다! 입맛까다로운 친구가 인정한 맛집이에용~!@@최근에 여자친구랑 다녀왔는데 말이 필요없습니다. 최근 갔던 조개구이집중에서 100점만점의 100점입니다! 조개도 싱싱하고 고기도 맛있고 따봉!ㅋㅋ 사장님 특히 친절하심 (제가 후기남긴다했죵?! 잘했죠!)ㅋㅋ@@댓글 알바들만 잇나 싶네요 리뷰 이벤트해서 그런가 ㅡㅡ 조개상태도 영 안좋고 다신 안감  가게도 겁나 드럽고 손님잇는데도 집게로  불화구 벅벅 벗겨 내질않나 먼지 날리고 에휴 다신 안가면 그만이지만 알고들 가세요 @@전 개인적으로 맛있게 먹었어요~!@@마딧게 먹었읍니다@@저도 좋아하고 남편도 좋아하는 곳이라 자주 가요 ㅋㅋ 맛있어요@@아는 분이 노원에 사셔서 노원에 조개창고를 가려고 1시간 30분정도(오후2시정도)  걸려서 갔는데 , 가자마자 코로나 백신만 맞은 사람만 출입이 가능하다고 하더라구여. 기가막히기도 하고 가기 전날에 전화했는데 이런 사항은 전혀 공지하지 않았구요. 관계자에 말에 의하면 서울시에서 조사를 나온다고 하던데 , 그런데 서울시는 이런 사항을 공지한 적 없고 가게 자...@@어제 갔다왔는데 신선하지 않아요. 특히 고기는 오래된것이고 상하고 색깔이 굉장히 안 좋은데 직원분이 먹어보고 이상하면 바꾸겠다 했음. 먹고 보고 배가 아프고 어제부터 화장실 계속 갑니다 . 같이 간 친구도 그랬네요.  가계도 깨끗하지도 않고요. 양심 좀 있게 장사하세요@@@@너무 비위생적입니다..@@정말 좋아요@@제가 갔을때는 주말 낮이었는데... 조개가 신선하지않았어요.ㅠㅜ샐러드바에 있는 서브 메뉴들도 오래되었음..고기도..반찬들도...치즈도...ㄷㄷ 직원들도 좀 귀찮으신지 불친절하셨어요@@메뉴도 다양하고 시간제한도 없어서 술한잔하기 괜찮았어요. 코로나만 아니였어도 친구들이랑 우르르가고싶네유ㅠㅠ@@연기가 자욱해서 숨이 막힌다. 난잡하고 지저분하고 어수선하다. 조개 종류는 많다. 그러나 몹시 짜다. 생수는 1병만 무료. 라면 4000원 햇반 1500원. 기본이 1인당 25500원인데, 그 값으로 즐길 수 있는 더 나은 대안이 많다. 별점 5개도 종종 보이는데, 이분들은 다른 리뷰는 없고 전국의 조개창고만 죄다 별 다섯 개 주셨네... 조선팔도의 조개창...@@조개구이를 혼자서 셀프로 잘 구우실수 있는분만 가시길 바랍니다.모든게 전부 셀프입니다.조개를 어떻게 구워서 먹어야 하는 설명도 없습니다.라면도 끓여주는것도 아니고 그냥 셀프로 한개 가져가서 먹는데 개당 4000원 입니다.위생은 뭐 개판인거 확실하고요.직원들은 왜케 불친절한지 부르면 오지도 않고 주방에만 다 모여있고 계산할때 다른거 별로 먹은게 없으니까 눈치...@@더러움 물도 돈받음 주차 안됨 좋은게 1도 없음@@싱싱하고   푸짐하고 아주 좋아요 ㅡㅠㅠ@@@@통화 불친절 + 매장 비위생@@여름엔 먹기엔 너무 힘든 음식입니다 위생도 나쁜 편입니다 음식들도 덮개 없이 진열된 상태도 몇몇 직원은 마스크도 안쓰고 일합니다 위생 정도는 바닷가 앞 실외 포장마차 정도라고 생각하면 될 것 같습니다 조개나 고기 종류가 많은 편이지만 위생이 너무 좋지 않아 재방문은 하지 않을 것 같습니다@@조개가 안 신선함 내부가 꼬질꼬질함@@@@맛있는데 다들 왜그러세요 평점이 낮아서 걱정하고 갔는데 시간 무제한이고 조개도 싱싱한거 무제한이고 가리비 진짜크고 진짜 맛있음 또갈거에요@@소셜커먼스 광고가 너무나 훌륭한 울 나라.. 두번다시는 안가요..정말이지 아주 큰 실망!! @@@@"
경회루,한정식,02-972-2774,노원구,동일로 1005 지하1층 (우)01858,#상견례#점심식사#점심특선#친목모임#코스요리#회식장소#제로페이,3.6,18,"맛은 출중했으나 가격에 비해서는 잘 모르겠는? 그래도 맛있긴 합니다@@직원분들 너무 친절하시고 음식 맛도 좋았어요.@@주차안내하시는 분이 사장님이신건지 친절하시고.. 나머지는 모르겠어요 어르신들 모시는데 코로나라 분리형 식당을 고르다보니 선택권도 없고해서 경회루로 간건데 제일 비싼코스로 선택했음에도 불구하고 먼저 리뷰처럼 차, 위생용품이 일반 길거리 백반집수준이라 첫인상부터 고급스럽다는 느낌은  없습니다 방마다 클래식이라도 조용히 틀어져있면 좋을텐데 너무 적막이라 상견례같...@@원래 이런 후기 잘 남기지 않는데 ㅠㅠ 넘 속상하고 화가 나서 후기 남겨요~  지인들과 방문한 경회루~ 음식양부터 시작해 맛 직원분들 태도부터 모두 기본이 안된집 이예요~  4명이 경,회,루 이름을 따서 만든 회정식 1인 52,000원(인터넷엔 48,000원 표기) 주문해서 기다리는데 처음 부터 나온 구절판~  정말 이건 사람 4명이서 먹으라고 나온건지 혼...@@제가 오늘 집사람하고 남양주를 다녀오던 길에 경회루에 들러 한정식을 먹고 왔습니다 원래는 그쪽에서 먹고오려 했지만 break time 에 걸려 차선책으로 검색하여 찾은곳이 경회루 입니다 들어설때까지의 느낌은 나쁘지 않았으나 룸에 들어서 자리에 앉는순간 일회용 물티슈와 병에담긴 생숫물이  제일먼저 제눈에 띄었습니다 제가 가본 한정식집들은 쟈스민차나 결명자차 ...@@좋아요@@비싼 루정식 추천하시는데.. 인당 59천원을 받으시려면 메뉴 구성, 식사에 더 공을 들이셔야 할 듯 합니다. 한정식 먹고 돈 아까운 적 처음... 3만원 지불해도 비싸다고 느껴집니다. @@@@@@친절한 직원분들 덕분에 기분이 좋았습니다. 리뷰 꼭 남기고싶어서 영수증인증까지해서 남기네요ㅎㅎ 경정식먹었구요 간이쎄고 짠거 싫어하는데 음식들이 전부 알맞게 맛이좋았습니다. 개별룸이라 조용하고 코로나걱정없이 먹었네요. 한정식먹을때 이제 자주 가게 될것같아요^^@@룸으로 되어 있어서 가족끼리 조용한 식사를 할 수 있었습니다. 직원들이 친절합니다. 음식도 간이 세지않아 좋았습니다. 아쉬운 점은 온돌방으로 예약했는데 바닥이 차갑더라구요. 살짝 온기가 있었으면 좋았을 거 같았습니다.@@메뉴도 깔끔하고 좋았어요. 39,000원짜리 시켰는데 특별한맛보단 평범합니다. 장소는 조용하고 분리되어 있어서 좋았어요.@@메뉴도 깔끔하고 좋았어요. 39,000원짜리 시켰는데 특별한맛보단 평범합니다. 장소는 조용하고 분리되어 있어서 좋았어요.@@글쿠나 @@보리굴비 정식 맛있었어요. @@@@부모님 회갑연으로 예약하고 찾아간 곳인데 분위기도 좋고 음식도 정갈하고 부모님이 좋아하시더라구요 특히 직원분들이 너무너무 친절하셔서 진짜 대접받는 느낌이어서 좋았어요@@맛있어 조아요! @@"
소담촌 노원역점,샤브샤브,02-933-5522,노원구,상계로 90 마블러스1 2층 (우)01695,#점심식사#점심특선#친목모임#제로페이,3.5,19,"제발 사라지지 말아주세요 ㅠㅠ@@대박이에요 깨끗하고 신선하고 맛있고 월남쌈 샤브 최고 아이스크림도 진짜 맛있어요 번창하세요@@맛있고 배터지고@@와우~~ 월남쌈 맛있고, 샤브샤브도 종류가 많고 디테일한 준비가 너~~무 맘에 들어요~~~ 감사히 잘~~먹었습니다~~~(--)(__)(--)  수정합니다 따로 무료카페가 있네요 빵 맛이~~이게 무료야?란 말을 하게 했네요@@육수 반반으로 해서 먹으면 진짜 맛있어요@@노원역에 저녁먹으러 가서 재료도 다 신선하고 맛있어서 리필 많이 해먹었어요  나중에 재방문할거에요^^@@점심특선 가격대비 너무 훌륭해요@@@@점심 특선. 가성비 좋고 맛있으나 고기양이 상당히 적습니다. 홀이 가득 차서 붐비네요. 코로나 땐 점심시간 살짝 피해서 가시는게 좋을거 같아요~ 그리고 특히 어린 직원들이 친절하고 좋네요 :)@@@@무한리필 집이기 때문에 분위기를 바라면 안되지만 음식만 놓고 봤을 때는 무조건 재방문@@야채도 눈치 안보고 많이 먹을 수 있고 고기도 신선하고 맛있어용 월남쌈 해먹을수도 있고 종류도 다양합니다!! 항상 인기가많아서 대기가 조금 있다는 것 말고는 다 좋아요 ㅋㅋ@@아무기대안하고가면 배터지게먹고나올수있네여 서비스는뭐 기대안해야할 가격대니까 나름 괜춘!@@1점 주기도 아까워요. 어버이날이라 부모님 모시고 갔는데 마감시간은 정해져있고 자리는 만석이고 웨이팅손님은 넘쳐나는데 손님을 계속 받는건 후에 들어오는 손님도 받겠다는 생각 아닌가요? 마감시간 정확히 지키실거면 애초에 입장할때부터 미리 마감시간 얘기를 해주셨어야죠. 미리 얘기를 못하셨으면 마감시간 임박했을때 양해라도 구해주시던가 먹고있는데 마감이라고 똥씹은...@@벌레나옴 한두마리도 아니고 계속@@모든것이셀프로운영되는컨셉입니다.  20시반에와서30분이상웨이팅을하고21시10분부터샤브샤브를먹기시작햇습니다. 거의10년만에보는고등학교베프들을만나서소담소담대화나누며 뜻깊은자리엿습니다. 21시반이되엇습니다. 음식스테인레스통에집게를턴다는이유로큰소리로탕탕탕탕부딪히며빨리나가라는직원들의행위예술이시작되엇습니다. 우리들은 설마설마우리나가라고저러는건아니겟지하며 분위기를깨지않...@@아 평점 안보구 갔다가 망..... 맛 서비스 그냥 그럼 무한이라 그런지 모르겠지만 인원 다 안모이면 테이블에 발도 못붙임... 테이블이 꽉찾거나 대기자 많으면 이해하겠는데 자리다 널널한데도 유도가 없는듯.... 샤브샤브는 수락산역 비손이나 채선당으로 가세요@@저녁 약속때문에 갔었는데. 일행이 오지도 않았는데 빨리 주문하라고 계속 제촉해서 약간 불편했습니다. 음식은 나쁘지 않은데. 너무 재촉하고 사이드 그릇도 안주더라구요~ 약간 불편함은 감수해야 할 것 같습니다. 친절하지는 않습니다  귀한 손님은 안 데려가는게 좋을 듯 합니다.@@월남쌈 재료 무한리필인데 엄청 싱싱하고 맛있네요 인테리어 고급지고 직원 친절해서 자주 가게됩니다.@@"
쪼매매운떡볶이 공릉점,떡볶이,02-977-1120,노원구,공릉로 208 (우)01814,#제로페이,4.5,82,"싸고 친절하고 가성비좋음@@막 엄청 특별한 맛은 아니에요  그런데 저렴하고 너무 친절하시고 음식들이 다 기본기가 잘 갖춰져 있는 맛이라 기분 좋은 식사가 가능한 곳입니다@@달고 평범한 맛 친절하심@@학교 앞에서 먹었을 법한 밀떡볶이 맛, 모나지 않는 균형잡힌 맛.  사장님 바쁜 와중에도 서비스 대응능력 갑, 10년전부터 방문했는데 어느날부터 유명해지고 나서 떡볶이 먹기가 힘들어짐, 대부분의 맛집들이 이쯤되면 사장님들이 거만해지고 퀄리티가 변하기 마련인데 여기는 항상 같은 텐션을 유지하고 있음.  서비스업 종사했었던 경험자로서 어떻게 평정심을 유지하고 ...@@여기 일반 떡볶이도 맛있는데 치즈 떡볶이가 지이이이인짜아아아아 맛있움...왠만한 프렌차이즈 치떡 바르는 맛 ! 무엇보다 신기한건 사장님들의 항상 친절한 서비스... 진짜 기분 좋아지는 곳 ㅁ@@떡볶이+순대+튀김 / 치즈떡볶이 / 새우볶음밥  맛있고 친절하심@@사장님 갈때마다 친절하시고 양도 많아서 좋음 맛도 맛이지만 사장님때문에 가는곳임@@양 많고 친절함! 맛은 기대 보단 쏘쏘@@양 많고 맛있고 다들 친절하세요. 아낌이 없어서 배 안불러 나올 수 없는 곳!@@인심이 끝내주십니다@@lovely charming@@토요일 12시 반쯤 갔는데 약 20분정도 기다려서 가게 입장해서 먹었습니다. 수요미식회에 나온 곳이라 방문하게 되었어요. 가격이 전체적으로 저렴해서 일반이랑 치즈 떡볶이 1인분씩 총 2인분 시킬까 했는데 담아주시는 양이 심상치 않아서 치떡만 시켰습니다. 그랬더니 감사하게도 치떡이랑 일반이랑 둘다 먹어볼 수 있도록 반반정도로 나눠주시더라구요 센스 넘치시는 사...@@치떡은 여기서 드세요~~학교앞에서 먹던 떡볶이 맛입니다! 손님꽤 많은집인데 주인분께서 손님 한분씩 스몰토킹도 해주시고 질서정연하게 안내해주세요. 더 필요한거없는지랑 국물도 따로주시고 더 드실건지도 중간에 물어보시구요. 되게 갈때마다 기분좋은집입니다.보통 분식집선 느낄수 없는 서비스를 받고온 달까요 꽤 깔끔한 느낌이고요. 가격도 착한데 양도 많아요♡ @@치즈떡볶이 진짜 맛있어요! 치즈 듬뿍!! 그릇부터 찐입니다. 가게는 좀 협소하지만 여자사장님 정말 친절하셔요 ㅎㅎ 학교 앞 추억의 분식 맛이에요~!@@사장님이신지? 여자분이 너무너무 친절하셨어요 여기저기 다녀봤어도 이렇게 기분좋은 친절함은 처음이었네요  센스도 좋으시고 말도 예쁘게 잘 해주세요  에너지 넘치셔서 보는사람까지 기분이 좋아졌네요 떡볶이는 당연히 말할것도 없이 맛있었구요  말그대로 쪼금 매콤한 맛있는 떡볶이예요 튀김은 평범한데 회전률이 좋아서 그런지 바로튀겨준 튀김이라 좋았어요  그리고 김밥이...@@엄청 특별한 맛은 아닌데 맛있어요. 그게 더 어렵자나요?? 왜 줄이 생기는지 이해가 돼요! 요즘 매운 떡볶이 말고 그냥 원래 떡볶이 먹고 싶을 때 딱이에요. 치즈 떡볶이에 튀김 시키면 찍어먹는 국물 따로 주시고, 어묵도 각자 따로 담아주시는 세심함에 감동했어요!!  손님이 많은데 정신없지 않고 사장님이 엄청 친절하고 침착하세요. 대기도 금방 줄어들어요. @@사장님 친절하시고 양도 되게 많아요!! 무엇보다 떡볶이 너무 맛있어요☺️@@말도안되게 1.사장님모두친절 2. 떡볶이왕맛있음 3.계속생각나서 또감 ㅠㅠ 갈때마가 대기있지만 넘나 맛있습니다!! 친절하신 사장님께 매번감동함@@말이 필요없다. 노원구 최고의 분식집 가격대비 양이 준수한 가성비 집이 아니라 그냥 메뉴 하나하나 다 맛있다.@@양도 엄청많고 친절하셔서 좋았어요@@또 먹고싶다.. 김밥 순대 튀김 떡볶이 조합 완전 좋아하는데..@@맛있고 사장님들도 다들 친절해요 ㅎㅎ@@둘이 배 터지게 먹었는데 10500 나왔어요 정말 정말 맛있고 ㅠㅠㅠ 최고예요 갈 거예요@@@@@@친절 맛 양...지나갈때마다 사갈까 고민하는 집@@맛/양/위생/친절 모두 만점 이 동네 떡볶이 원탑@@코로나 전에 갔었는데 1시간 줄서서 먹었나 그랬음. 싸고 양 많은건 좋은데 떡볶이를 간이 밸 때까지 녹슨 양은 대야에다가 한참 끓여서는 마지막에 철판에 옮겨 붓는 걸 목격... 냄비도 아니고 대야였고 입으로 들어가는건데 조리도구가 너무함... 그런건 빨래 삶을 때나 쓰는 거 아닌가?@@와 4천원에 이런 치즈 떡볶이를 먹을 수 있다니!  근처에 갈일 있어서 들러서 먹었는데 사장님도 되게 친절하시고 가성비있게 먹고 올 수 있어서 좋았어요. 엄청 만족스러웠어요! 가게에 사람도 많고 리뷰도 좋은 거 보니까 확실히 맛집은 맛집이네요.  앞으로도 계속 승승장구할 곳같아요!!@@맛집보고서 레드망고 노원구 치떡맛집 1위@@• 떡볶이, 튀김, 오뎅 다 좋았는데.. 쪼매매워서 별 하나 뺐음.. 맵기는 개취입니다..@@특별한 맛이 있는지 잘 모르겠다. 시장에서 많이 먹던 떡볶이맛. 익숙한 맛이 장점일수 있으나 다르게보면 큰 매력이 없는맛.@@떡볶이 양념을 고추장으로 해서 포장해서 집에오면 국물이 덩어리 지네요 수요미식회에서 나와서 떡볶이 좋아해서 먹으러 일부러 가서 포장해왔는데 그냥 동네 학교앞 문방구에서 파는 떡볶이맛입니다. 크게 기대하거나 그런 맛은 아니네요 방송은 역시 믿으면 안되지만....@@학교앞 분식맛인데 조금 더 맵고요 양도 많았어요 !! 떡이 많은 편이라 오뎅 좋아하면 요청해보심이 좋을 거 같아요. 떡볶이 맛있고 순대 보통 김밥은 중상 튀김은 별로 튀김은 그냥 옛날 시장st라서 튀김옷이 거의 빵 같았구요 그래서 오징어튀김 비추 김말이 추천 주변보니까 쫄면도 많이 드시더라구요 다음엔 쫄면 도전해보려구요  인기맛집은 불친한 경우가 많은데 여...@@토요일 휴무인 줄 모르고 2번이나 헛탕 ㅠㅠ 맛있어요! ㅎㅎㅎ@@"
털보고된이 본점,"해물,생선",02-932-8616,노원구,노해로81길 22-22 (우)01695,#제로페이,4.0,57,"생선구이에 카레가 발라져있는데 맛있네요!! 부모님 모시고 갔는데 좋아하셨습니당ㅎㅎ@@굿@@모든 메뉴가 맛있음@@사람 많음  부모님 손잡고 온 20년 전 옛날에도 많았고  지금도 많음@@편안히 식사어려움. 불친절. 미소상실. 탄생선@@인생맛집@@생선 안 좋아하는데도 여기껀 맛있게 잘 먹었습니다! 밖에서 구워서와서 내부엔 생선 냄새 안나서 좋았어요! 반찬도 다 맛있었습니다@@@@@@추억의맛@@가격 많이 올랐네 맛있는집 추천함@@ㄹㅇ 최고예요 먹은지 좀 돼서 기억미화일 수도 있지만.. 제 인생맛집중 하나@@@@@@삼치는 담백 고갈비는 고소@@정말 맛있어요 가족들이랑 자주 외식가요@@맛있는데 싸지 않은 가격에 1인 1메뉴 주문을 해야하는 것음 조금.. 저는 혼자가서 고갈비 먹어보고 맛있어서 게장도 추가했습니다@@@@다 먹고 마시는 수정과가 신의한수 ㅋㅋㅋㅋ 카레향 나서 비린맛 별로 없이 고소해요 굿@@@@@@굿@@@@메뉴들이 딴딴한 느낌 사이드들도 맛있다. 제육, 게장 ㄹㅇ 밥도둑@@본점답게 맛있어요 확실히 부모님들이 좋아하시네요 ㅋㅋ 맛있었어요@@@@노원구에서 먹을만한 생선구이를 하는 유일한집. 맛의 불모지 노원에서 그나마 선택지를 하나라도 늘려준다. 제육이나 찌개도 먹을만하다.@@부모님의 원픽집이에요 ㅎㅎ 주기적으로 방문해야 하는곳!! 게장도 맛있고 가성비도 좋고 맛도 좋아요 ! 생선 카레향 살짝 나서 오히려 물리지않고 느끼지않게 먹을 수 있어요 @@갓성비는 아니지만 가격만큼은 충분히 하는 집인듯.... 알탕에 알이 끝없이나와...생선은 카레가루 맛 싫어하는 사람이면 싫어할듯 저는 쌈까지 싸서 후루룩 함@@변하지만 않는다면@@무난하고 맛있네요@@가성비 최고의 노원 맛집. 이렇게 오랫동안 꾸준하게 사랑받는 가게가 진정한 맛집@@오랜 단골인데 10년 전보다 맛이 자극적이에요.   조금 아쉽다  @@@@@@"
숟가락반상 마실 노원점,한식,02-930-5111,노원구,노원로 412 (우)01704,#가족모임#상견례#점심식사#정갈한느낌#친목모임,4.2,66,"사실 보쌈에서 냄새가 나거나 한건 아니라 뭐라 하진 않겠지만 서비스는 개선해야할 것 같네요..~@@나이좀 있어보이시는 머리 묶으신 아주머니가 주문과 서빙을 해주셨는데 응대가 ㅆㅎㅌㅊ라 나갈까 고민했습니다  식사 다 하고 에피타이저 차 마시고 있는데 나가라는 듯이 상을 치우는건 무슨 경우죠? 평점이 좋을수가 없을것 같은데 평가 조작한건 아닌지 의심이 드네요@@사기를 쳐서 장사를 하고싶나? 먹어보고 손님상에 내놓나?@@5월 25일부터 댓글이 많이 달리는데 하나같이 하남숯불갈비 별5개 평남기셨네요??  광고쓰신거 같은데 신고할게요@@가성비최악@@5월 25일부터 6월 1일까지 평점 조작들어간 집입니다. 평점 믿지마세요@@좋은평이 상당히 많은데 아쉽게도 저는 별로였어요…  보쌈수육은 부드럽고 맛있었는데 밑 반찬이 전체적으로 너무 짜서 거의 다 못먹었어요  재 방문은 안 할것 같네요   + 밑에 평가들 보니까 수십명이 다 똑같은 장소 방문함ㅋㅋ 단체로 닭갈비 회식이라도 하셨나 참@@아기 위해서 룸으로 해주셔서 감사드려요. 음식도 하나하나 다 너~~무 맛있었어요^^ 친절과 배려 그리고 맛까지 훌륭한 곳이였습니다. 심지어 , 가격대비 너무 훌륭했어요~^^@@음식들이 간이세지 않고 다 맛있어요ㅎ가격도 훌륭하고 종류도 다양하고 부모님 모시고 가기도 넘 좋아요 요청사항도 들어주시고 직원분들도 친절해요!네이버로 예약해서 잡채도 한접시 더 주시네요^^만족입니다^^@@친절하시고 일단 맛도좋고 특히 너무 더운날에 시원하고 쾌적하게 부모님 모시고 잘 먹었습니다!! 양도 많아 가성비 한식집으로 최고네요 또 방문하겠습니다~~^^@@5월 25일부터 6월 1일까지 평점 조작들어간 집입니다. 평점 믿지마세요@@좋은평이 상당히 많은데 아쉽게도 저는 별로였어요…  보쌈수육은 부드럽고 맛있었는데 밑 반찬이 전체적으로 너무 짜서 거의 다 못먹었어요  재 방문은 안 할것 같네요   + 밑에 평가들 보니까 수십명이 다 똑같은 장소 방문함ㅋㅋ 단체로 닭갈비 회식이라도 하셨나 참@@아기 위해서 룸으로 해주셔서 감사드려요. 음식도 하나하나 다 너~~무 맛있었어요^^ 친절과 배려 그리고 맛까지 훌륭한 곳이였습니다. 심지어 , 가격대비 너무 훌륭했어요~^^@@음식들이 간이세지 않고 다 맛있어요ㅎ가격도 훌륭하고 종류도 다양하고 부모님 모시고 가기도 넘 좋아요 요청사항도 들어주시고 직원분들도 친절해요!네이버로 예약해서 잡채도 한접시 더 주시네요^^만족입니다^^@@친절하시고 일단 맛도좋고 특히 너무 더운날에 시원하고 쾌적하게 부모님 모시고 잘 먹었습니다!! 양도 많아 가성비 한식집으로 최고네요 또 방문하겠습니다~~^^@@이틀전 예약임에도 룸으로 배정해주셔서 좋았고, 무엇보다 텀이길다는 평 때문에 걱정을 많이 했는데 다행히 빠른서빙으로 다들 맛있는 식사했네요. 음식이 하나같이 맛있어서 뭐하나 남기질 않았는데 오히려 일행중 늦게오신분들이 음식을 좀 남기셔서 제가좀 아까웠네요. ㅎㅎ 65번째 어머니 생신!!덕분에 잘 치렀습니다.^^@@직원분들 친절하시고 내부도 깔끔하며 화장실도 깔끔해서 좋아요@@안녕하세요 중요한자리있어서 알아보다가 이곳을 알게되었구요. 룸이 있어서 너무 좋았습니다 직원분들부터 사장님도 너무너무 친절절 절~~~ 감사드립니다 음식도 늦어지지않고 잘나오고 맛도 쏘쏘했습니다~ 개인적인 의견입니다 만족스러웠습니다@@음식이 깔끔하고 맛있었습니다 중요한 모임자리에 가기 좋아보여요@@엄마 환갑으로 가족식사하러 갔는데요, 예약을 미리해서 룸으로 예약됐어요. 저렴한 가격에 구성도 좋고 맛도 괜찮았어요^^@@룸으로 마련해주시고 음식도 순서대로 잘나와서 너무 만족하면서 잘먹었습니다! 물론 음식맛도 좋았구요~ 다음에 또 가족들하고 방문할게요^^@@언제든 귀한 사람과 함께 맛있는 저녁 먹을수 있어서 너무 좋아요. 친즬하시고, 음식도 맛있고..@@상견례를 위한 장소 다웠습니다. 전반적으로 밥도 괜찮고 서비스도 괜찮았습니다.@@직원분들 친절하셨고 음식도 대체적으로 만족했습니다. 즐거운시간 만들게 해주셔서 감사합니다@@네이버로 예약하고가니 룸으로 조용하게 잘마련해주셨고, 분위기만 챙기고 음식은 기대하지말자 했는데 딱 합리적인 가격으로 맛잇게먹을수있어서 귀한손님들께서 만족하고가셨어요~@@송별회겸 조촐한 모임이었는데 룸을 따로 해주셔서 아늑한 분위기에서 맛있게 식사했습니다~^^@@룸예약시간도 여유있게 주시고 서빙해 주시는 여사님들도 친절하시고 무엇보다 음식이 맛있어서 가족 모두 기분좋은 모임을 가졌네요~^^@@서비스 대만족에 간도 딱맞고 배부르게 먹었어요 조만간 재방문 할게요~!^^@@음식맛도 너무 좋앗고 무엇보다 여긴 항상 친절하시고 서비스가 좋네요. 중요한 모임 있을때마다 여기로 예약하곤 하는데 덕분에 이번 모 임도 기분좋게 잘 치룰수 있었습니다. 일행들이 많이 늦어 식사도 늦어졌는데 눈치한번 안주시고 식사마칠때까지 기다려주시고 케익 그 릇도 챙겨주시고.. 정말 감사했습니다. 다음에 또 이용하겠습니다!@@음식이 정갈하고 친절하게 서빙해주셔서 즐거운 가족모임이 되었습니다~@@방으로 되어 있어.. 조용히 이야기 나눌수 있어 좋아요. 음식도 깔끔하고 괜찮았어요.@@모양 밥 가격 다 만족스럽습니다 거기에 친절과 마인드가 갑 ㅠ 늦었는데 어머니 천천히 드셔도 된다며 배려해주시는 모습이 정말 감동이었어요.. 지난 달에 어머니와 문 닫을 같은 시간대 노원 강강술래 갔다가 형편없는 서비스를 접하고 속상했던거 여기서 다 만회 했네요 백번 갈게요!!@@친절해요@@기본적으로 음식맛을 미리 알아보고 갔어서 다행히 좋은 식사자리가 됐어요 음식이 회전이 좋아 너무 만족해서 리뷰 남깁니다 ^^ 감사합니다@@좋습니다 깔끔하고 맛있습니다 친절하고 ^^@@"
